{"cameraMode":{"drawMode":0,"name":"Shaded","section":"Shading Mode"},"sceneLighting":true,"audioPlay":false,"sceneViewState":{"showFog":true,"showMaterialUpdate":false,"showSkybox":true,"showFlares":true,"showImageEffects":true,"showParticleSystems":true},"in2DMode":false,"pivot":{"x":-0.3577842712402344,"y":0.16167640686035157,"z":0.25321388244628909},"rotation":{"x":-0.08796525746583939,"y":0.8959876894950867,"z":-0.2053614854812622,"w":-0.38379037380218508},"size":9.473123550415039,"orthographic":false}